{
  "simple": {
    "coverage": [
      89.24730682373047,
      79.56989288330078,
      95.69892120361328,
      94.6236572265625,
      93.54838562011719,
      93.54838562011719,
      81.72042846679688,
      86.0215072631836,
      36.559139251708984,
      87.09677124023438
    ],
    "overlap": [
      1,
      4,
      6,
      13,
      7,
      12,
      0,
      0,
      0,
      17
    ],
    "joint_reward": [
      18429.13671875,
      24140.01171875,
      18398.59765625,
      15110.791015625,
      17083.177734375,
      14389.111328125,
      23293.365234375,
      20768.13671875,
      17641.98828125,
      16115.541015625
    ]
  },
  "mixed": {
    "coverage": [
      36.904762268066406,
      47.619049072265625,
      79.76190185546875,
      66.66667175292969,
      65.47618865966797,
      92.85713958740234,
      96.42857360839844,
      86.9047622680664,
      51.19047927856445,
      86.9047622680664
    ],
    "overlap": [
      0,
      1,
      1,
      0,
      0,
      0,
      4,
      0,
      0,
      84
    ],
    "joint_reward": [
      -9440.544921875,
      1027.88818359375,
      11775.478515625,
      9455.92578125,
      18746.8125,
      9804.49609375,
      11243.82421875,
      11322.4814453125,
      13824.9892578125,
      9700.7421875
    ]
  },
  "bottleneck": {
    "coverage": [
      54.761905670166016,
      41.666664123535156,
      97.6190414428711,
      32.14285659790039,
      83.33332824707031,
      86.9047622680664,
      63.095237731933594,
      82.14286041259766,
      57.142860412597656,
      95.23809814453125
    ],
    "overlap": [
      1,
      0,
      12,
      0,
      14,
      0,
      11,
      1,
      0,
      8
    ],
    "joint_reward": [
      17705.90234375,
      12906.0703125,
      12661.783203125,
      -3505.795654296875,
      21838.544921875,
      20528.2421875,
      20190.1796875,
      29779.958984375,
      24821.423828125,
      14912.783203125
    ]
  }
}